,Area,equivalent_diameter,orientation,MajorAxisLength,MinorAxisLength,Perimeter,MinIntensity,MeanIntensity,MaxIntensity
1,38.0,6.955796338302048,-81.74091423558501,12.799269407125024,4.689367106835427,32.571067811865476,165,209.82894736842104,255
2,1.5,1.381976597885342,0.0,1.632993161855452,1.0,3.0,197,209.66666666666666,215
3,5.25,2.5854414729132054,-35.88098438732466,6.547624645122677,1.066621676775189,8.621320343559642,167,198.14285714285714,244
4,8.5,3.2897623212397704,0.23355732211537888,6.702836167140293,2.0451684429588295,12.914213562373096,174,206.26470588235293,255
5,222.75,16.840846433293,-43.74308732558622,32.39438499740325,13.540287917129795,122.47665940288701,161,215.4253647586981,255
6,1.0,1.1283791670955126,90.00003218077504,2.23606797749979,0.0,1.0,166,183.5,213
7,2.0,1.5957691216057308,72.70388165253861,1.9861066649636503,1.3201819251099323,4.121320343559642,175,186.625,199
8,11.0,3.742410318509555,11.463499424899902,10.264714673231428,1.8991332384308186,18.224873734152915,162,204.1818181818182,255
