,Area,equivalent_diameter,orientation,MajorAxisLength,MinorAxisLength,Perimeter,MinIntensity,MeanIntensity,MaxIntensity
1,0.25,0.5641895835477563,45.00001609038752,0.0,0.0,0.0,181,181.0,181
2,18.0,4.787307364817192,35.38396351896101,8.945175074664752,3.5518709616258457,20.588834764831844,173,217.69444444444446,255
3,7.25,3.0382538898732494,-1.5705654793957888,4.438626738666471,2.3748374847714664,9.517766952966369,167,199.3448275862069,241
4,109.0,11.780624362746345,53.276264584050914,27.620223482584535,8.801693956808165,82.02386360737626,160,217.7683486238532,255
5,5.0,2.5231325220201604,-6.904113665851729,5.350464982292201,1.3463002908953574,8.914213562373096,179,218.35,246
