,Area,equivalent_diameter,orientation,MajorAxisLength,MinorAxisLength,Perimeter,MinIntensity,MeanIntensity,MaxIntensity
1,0.5,0.7978845608028654,0.0,1.0,0.0,0.0,252,253.0,254
2,0.5,0.7978845608028654,90.00003218077504,1.0,0.0,0.0,193,223.0,253
3,1.5,1.381976597885342,0.0,3.415650255319866,0.0,2.0,173,222.5,255
4,17.75,4.753945931439391,-13.455036683202051,6.398983190957194,3.798386678381583,16.724873734152915,229,251.54929577464787,255
5,1.5,1.381976597885342,0.0,1.632993161855452,1.0,3.0,164,175.66666666666666,203
6,3.25,2.0342144725641096,-10.643206362457404,2.554206479513461,1.6162066497102596,5.103553390593274,166,203.69230769230768,255
7,0.25,0.5641895835477563,45.00001609038752,0.0,0.0,0.0,197,197.0,197
8,0.25,0.5641895835477563,45.00001609038752,0.0,0.0,0.0,200,200.0,200
