,Area,equivalent_diameter,orientation,MajorAxisLength,MinorAxisLength,Perimeter,MinIntensity,MeanIntensity,MaxIntensity
1,2.75,1.8712051592547776,90.00003218077504,6.324555320336759,0.0,4.5,190,213.72727272727272,223
2,57.25,8.537737635702333,-82.69398503894362,42.36781624794708,4.73566756115122,78.08883476483184,151,181.83406113537117,252
3,1.0,1.1283791670955126,72.39122940040403,2.340102883600548,0.5233722328939495,1.1035533905932737,174,176.5,178
4,219.75,16.727055627203253,62.56025196059179,47.72439261644824,13.453082219063427,138.39087296526012,149,201.50853242320818,255
5,0.25,0.5641895835477563,45.00001609038752,0.0,0.0,0.0,149,149.0,149
6,0.25,0.5641895835477563,45.00001609038752,0.0,0.0,0.0,204,204.0,204
7,10.75,3.6996385101659595,-88.88348584945365,7.134943128667926,2.367093743789169,15.053300858899107,159,193.95348837209303,233
