,Area,equivalent_diameter,orientation,MajorAxisLength,MinorAxisLength,Perimeter,MinIntensity,MeanIntensity,MaxIntensity
1,2.0,1.5957691216057308,7.465711258538651,3.492358159052062,0.7439317770484678,3.5,183,222.0,248
2,0.25,0.5641895835477563,45.00001609038752,0.0,0.0,0.0,218,218.0,218
3,2.75,1.8712051592547776,76.11335531581977,5.134663679069548,1.5899027914671569,4.5,204,244.9090909090909,255
4,0.25,0.5641895835477563,45.00001609038752,0.0,0.0,0.0,240,240.0,240
5,0.75,0.9772050238058398,-45.00001609038752,1.1547005383792517,0.6666666666666666,1.7071067811865475,228,234.33333333333334,238
6,39.0,7.046725639945928,0.9781635157585578,9.639291638482032,6.014862167909951,27.48528137423857,178,240.17307692307693,255
